[{"model": "committee_accounts.committeeaccount", "pk": "c94c5d1a-9e73-464d-ad72-b73b5d8667a9", "fields": {"deleted": null, "committee_id": "C99999999", "created": "2022-02-09T00:00:00Z", "updated": "2022-02-09T00:00:00Z"}},{"model": "contacts.contact", "pk": "f629ffdb-52d0-46fb-b2e5-f143e903d70b", "fields": {"deleted": null, "committee_account": "c94c5d1a-9e73-464d-ad72-b73b5d8667a9", "type": "IND", "candidate_id": null, "committee_id": null, "name": null, "last_name": "Testerson", "first_name": "George", "middle_name": null, "prefix": null, "suffix": null, "street_1": "1234 Test Ln", "street_2": null, "city": "Testville", "state": "AK", "zip": "12345", "employer": "E", "occupation": "O", "candidate_office": null, "candidate_state": null, "candidate_district": null, "telephone": null, "country": "USA", "created": "2025-08-19T22:16:30.136Z", "updated": "2025-08-19T22:16:30.136Z"}}, {"model": "contacts.contact", "pk": "5d81a2c0-b9c9-4992-953d-3681b89f5873", "fields": {"deleted": null, "committee_account": "c94c5d1a-9e73-464d-ad72-b73b5d8667a9", "type": "COM", "candidate_id": null, "committee_id": "C12345678", "name": "Testersons United", "last_name": null, "first_name": null, "middle_name": null, "prefix": null, "suffix": null, "street_1": "1234 Test Circle", "street_2": null, "city": "Testopolis", "state": "AK", "zip": "54321", "employer": null, "occupation": null, "candidate_office": null, "candidate_state": null, "candidate_district": null, "telephone": null, "country": "USA", "created": "2025-08-19T22:27:09.459Z", "updated": "2025-08-19T22:27:09.459Z"}}, {"model": "contacts.contact", "pk": "29b10975-4ef9-44c4-b3ea-9169ca20dece", "fields": {"deleted": null, "committee_account": "c94c5d1a-9e73-464d-ad72-b73b5d8667a9", "type": "ORG", "candidate_id": null, "committee_id": null, "name": "Testersons Smithing", "last_name": null, "first_name": null, "middle_name": null, "prefix": null, "suffix": null, "street_1": "1234 Test Ln", "street_2": null, "city": "Testville", "state": "AK", "zip": "12345", "employer": null, "occupation": null, "candidate_office": null, "candidate_state": null, "candidate_district": null, "telephone": null, "country": "USA", "created": "2025-08-19T22:28:23.456Z", "updated": "2025-08-19T22:28:23.456Z"}},{"model": "reports.form24", "pk": "60a158d7-b35a-41a3-9435-fa06bead736e", "fields": {"report_type_24_48": "24", "original_amendment_date": null, "name": "24-HOUR: Report of Independent Expenditure"}}, {"model": "reports.form24", "pk": "b017c868-e787-4666-90c5-47e92887a946", "fields": {"report_type_24_48": "48", "original_amendment_date": null, "name": "48-HOUR: Report of Independent Expenditure"}},{"model": "reports.form3x", "pk": "94570745-238a-4fa8-82ca-3cdc1ff65e5a", "fields": {"filing_frequency": "Q", "report_type_category": "Election Year", "change_of_address": false, "election_code": null, "date_of_election": null, "state_of_election": null, "qualified_committee": true, "L6b_cash_on_hand_beginning_period": "0.00", "L6c_total_receipts_period": "362.00", "L6d_subtotal_period": "362.00", "L7_total_disbursements_period": "0.00", "L8_cash_on_hand_at_close_period": "362.00", "L9_debts_to_period": "0.00", "L10_debts_by_period": "0.00", "L11ai_itemized_period": "150.00", "L11aii_unitemized_period": "0.00", "L11aiii_total_period": "150.00", "L11b_political_party_committees_period": "0.00", "L11c_other_political_committees_pacs_period": "0.00", "L11d_total_contributions_period": "150.00", "L12_transfers_from_affiliated_other_party_cmtes_period": "212.00", "L13_all_loans_received_period": "0.00", "L14_loan_repayments_received_period": "0.00", "L15_offsets_to_operating_expenditures_refunds_period": "0.00", "L16_refunds_of_federal_contributions_period": "0.00", "L17_other_federal_receipts_dividends_period": "0.00", "L18a_transfers_from_nonfederal_account_h3_period": "0.00", "L18b_transfers_from_nonfederal_levin_h5_period": "0.00", "L18c_total_nonfederal_transfers_18a_18b_period": "0.00", "L19_total_receipts_period": "362.00", "L20_total_federal_receipts_period": "362.00", "L21ai_federal_share_period": "0.00", "L21aii_nonfederal_share_period": "0.00", "L21b_other_federal_operating_expenditures_period": "0.00", "L21c_total_operating_expenditures_period": "0.00", "L22_transfers_to_affiliated_other_party_cmtes_period": "0.00", "L23_contributions_to_federal_candidates_cmtes_period": "0.00", "L24_independent_expenditures_period": "0.00", "L25_coordinated_expend_made_by_party_cmtes_period": "0.00", "L26_loan_repayments_period": "0.00", "L27_loans_made_period": "0.00", "L28a_individuals_persons_period": "0.00", "L28b_political_party_committees_period": "0.00", "L28c_other_political_committees_period": "0.00", "L28d_total_contributions_refunds_period": "0.00", "L29_other_disbursements_period": "0.00", "L30ai_shared_federal_activity_h6_fed_share_period": "0.00", "L30aii_shared_federal_activity_h6_nonfed_period": "0.00", "L30b_nonallocable_fed_election_activity_period": "0.00", "L30c_total_federal_election_activity_period": "0.00", "L31_total_disbursements_period": "0.00", "L32_total_federal_disbursements_period": "0.00", "L33_total_contributions_period": "150.00", "L34_total_contribution_refunds_period": "0.00", "L35_net_contributions_period": "150.00", "L36_total_federal_operating_expenditures_period": "0.00", "L37_offsets_to_operating_expenditures_period": "0.00", "L38_net_operating_expenditures_period": "0.00", "L6a_cash_on_hand_jan_1_ytd": "0.00", "L6a_year_for_above_ytd": "2025", "L6c_total_receipts_ytd": "362.00", "L6d_subtotal_ytd": "362.00", "L7_total_disbursements_ytd": "0.00", "L8_cash_on_hand_close_ytd": "362.00", "L11ai_itemized_ytd": "150.00", "L11aii_unitemized_ytd": "0.00", "L11aiii_total_ytd": "150.00", "L11b_political_party_committees_ytd": "0.00", "L11c_other_political_committees_pacs_ytd": "0.00", "L11d_total_contributions_ytd": "150.00", "L12_transfers_from_affiliated_other_party_cmtes_ytd": "212.00", "L13_all_loans_received_ytd": "0.00", "L14_loan_repayments_received_ytd": "0.00", "L15_offsets_to_operating_expenditures_refunds_ytd": "0.00", "L16_refunds_of_federal_contributions_ytd": "0.00", "L17_other_federal_receipts_dividends_ytd": "0.00", "L18a_transfers_from_nonfederal_account_h3_ytd": "0.00", "L18b_transfers_from_nonfederal_levin_h5_ytd": "0.00", "L18c_total_nonfederal_transfers_18a_18b_ytd": "0.00", "L19_total_receipts_ytd": "362.00", "L20_total_federal_receipts_ytd": "362.00", "L21ai_federal_share_ytd": "0.00", "L21aii_nonfederal_share_ytd": "0.00", "L21b_other_federal_operating_expenditures_ytd": "0.00", "L21c_total_operating_expenditures_ytd": "0.00", "L22_transfers_to_affiliated_other_party_cmtes_ytd": "0.00", "L23_contributions_to_federal_candidates_cmtes_ytd": "0.00", "L24_independent_expenditures_ytd": "0.00", "L25_coordinated_expend_made_by_party_cmtes_ytd": "0.00", "L26_loan_repayments_made_ytd": "0.00", "L27_loans_made_ytd": "0.00", "L28a_individuals_persons_ytd": "0.00", "L28b_political_party_committees_ytd": "0.00", "L28c_other_political_committees_ytd": "0.00", "L28d_total_contributions_refunds_ytd": "0.00", "L29_other_disbursements_ytd": "0.00", "L30ai_shared_federal_activity_h6_fed_share_ytd": "0.00", "L30aii_shared_federal_activity_h6_nonfed_ytd": "0.00", "L30b_nonallocable_fed_election_activity_ytd": "0.00", "L30c_total_federal_election_activity_ytd": "0.00", "L31_total_disbursements_ytd": "0.00", "L32_total_federal_disbursements_ytd": "0.00", "L33_total_contributions_ytd": "150.00", "L34_total_contribution_refunds_ytd": "0.00", "L35_net_contributions_ytd": "150.00", "L36_total_federal_operating_expenditures_ytd": "0.00", "L37_offsets_to_operating_expenditures_ytd": "0.00", "L38_net_operating_expenditures_ytd": "0.00"}},{"model": "reports.report", "pk": "f3f2d00e-8b67-4909-9a63-7096c74af155", "fields": {"committee_account": "c94c5d1a-9e73-464d-ad72-b73b5d8667a9", "committee_name": "Test Committee", "street_1": "1234 Street", "street_2": null, "city": "Washington", "state": "DC", "zip": "20001", "form_type": "F24N", "report_version": null, "report_id": null, "report_code": null, "coverage_from_date": null, "coverage_through_date": null, "treasurer_last_name": null, "treasurer_first_name": null, "treasurer_middle_name": null, "treasurer_prefix": null, "treasurer_suffix": null, "date_signed": null, "calculation_status": null, "calculation_token": null, "confirmation_email_1": null, "confirmation_email_2": null, "created": "2025-08-19T21:09:59.715Z", "updated": "2025-08-19T21:09:59.715Z", "upload_submission": null, "webprint_submission": null, "form_3": null, "form_3x": null, "form_24": "60a158d7-b35a-41a3-9435-fa06bead736e", "form_99": null, "form_1m": null, "can_delete": true, "can_unamend": false}}, {"model": "reports.report", "pk": "149e2516-4fb2-419f-8ab4-529624e26320", "fields": {"committee_account": "c94c5d1a-9e73-464d-ad72-b73b5d8667a9", "committee_name": "Test Committee", "street_1": "1234 Street", "street_2": null, "city": "Washington", "state": "DC", "zip": "20001", "form_type": "F24N", "report_version": null, "report_id": null, "report_code": null, "coverage_from_date": null, "coverage_through_date": null, "treasurer_last_name": null, "treasurer_first_name": null, "treasurer_middle_name": null, "treasurer_prefix": null, "treasurer_suffix": null, "date_signed": null, "calculation_status": null, "calculation_token": null, "confirmation_email_1": null, "confirmation_email_2": null, "created": "2025-08-19T21:10:07.479Z", "updated": "2025-08-19T21:10:07.479Z", "upload_submission": null, "webprint_submission": null, "form_3": null, "form_3x": null, "form_24": "b017c868-e787-4666-90c5-47e92887a946", "form_99": null, "form_1m": null, "can_delete": true, "can_unamend": false}}, {"model": "reports.report", "pk": "f50ea38b-b1e8-445f-b572-5544de81e32c", "fields": {"committee_account": "c94c5d1a-9e73-464d-ad72-b73b5d8667a9", "committee_name": "Test Committee", "street_1": "1234 Street", "street_2": null, "city": "Washington", "state": "DC", "zip": "20001", "form_type": "F3XN", "report_version": null, "report_id": "d1332239-b7ef-4426-95fe-e63a52ffc957", "report_code": "Q3", "coverage_from_date": "2025-07-01", "coverage_through_date": "2025-09-30", "treasurer_last_name": "Last", "treasurer_first_name": "First", "treasurer_middle_name": null, "treasurer_prefix": null, "treasurer_suffix": null, "date_signed": "2025-08-19", "calculation_status": "SUCCEEDED", "calculation_token": null, "confirmation_email_1": null, "confirmation_email_2": null, "created": "2025-08-19T22:15:29.913Z", "updated": "2025-08-19T22:37:43.190Z", "upload_submission": "449efac3-0ac9-439b-b60b-cb1fe5d7bd72", "webprint_submission": "76635db5-73c8-4346-a1f9-d892e86798f8", "form_3": null, "form_3x": "94570745-238a-4fa8-82ca-3cdc1ff65e5a", "form_24": null, "form_99": null, "form_1m": null, "can_delete": false, "can_unamend": false}},{"model": "transactions.schedulea", "pk": "04860a90-04c7-4da2-b1d5-a99fec5ea4cb", "fields": {"contribution_date": "2025-08-13", "contribution_amount": "250.00", "contribution_purpose_descrip": "PURPOSE", "election_code": null, "election_other_description": null, "conduit_name": null, "conduit_street_1": null, "conduit_street_2": null, "conduit_city": null, "conduit_state": null, "conduit_zip": null, "memo_text_description": null, "reference_to_si_or_sl_system_code_that_identifies_the_account": null, "reattribution_redesignation_tag": null}}, {"model": "transactions.schedulea", "pk": "a204c37b-2fb3-4396-b6ec-ecea0d7179b4", "fields": {"contribution_date": "2025-08-15", "contribution_amount": "150.00", "contribution_purpose_descrip": "Earmarked through Testersons United", "election_code": null, "election_other_description": null, "conduit_name": null, "conduit_street_1": null, "conduit_street_2": null, "conduit_city": null, "conduit_state": null, "conduit_zip": null, "memo_text_description": null, "reference_to_si_or_sl_system_code_that_identifies_the_account": null, "reattribution_redesignation_tag": null}}, {"model": "transactions.schedulea", "pk": "aa4d5c19-5ca6-4087-bfdd-b49392bbf82a", "fields": {"contribution_date": "2025-08-21", "contribution_amount": "150.00", "contribution_purpose_descrip": "Total earmarked through conduit.", "election_code": null, "election_other_description": null, "conduit_name": null, "conduit_street_1": null, "conduit_street_2": null, "conduit_city": null, "conduit_state": null, "conduit_zip": null, "memo_text_description": null, "reference_to_si_or_sl_system_code_that_identifies_the_account": null, "reattribution_redesignation_tag": null}}, {"model": "transactions.schedulea", "pk": "f9639bc0-910d-4e84-b4bd-2788d841f468", "fields": {"contribution_date": "2025-08-25", "contribution_amount": "212.00", "contribution_purpose_descrip": "Transfer of Joint Fundraising Proceeds", "election_code": null, "election_other_description": null, "conduit_name": null, "conduit_street_1": null, "conduit_street_2": null, "conduit_city": null, "conduit_state": null, "conduit_zip": null, "memo_text_description": null, "reference_to_si_or_sl_system_code_that_identifies_the_account": null, "reattribution_redesignation_tag": null}}, {"model": "transactions.schedulea", "pk": "f1a77336-558d-4d7f-8442-641602f6d959", "fields": {"contribution_date": "2025-08-29", "contribution_amount": "420.00", "contribution_purpose_descrip": "JF Memo: Testersons United (See Partnership Attribution(s) below)", "election_code": null, "election_other_description": null, "conduit_name": null, "conduit_street_1": null, "conduit_street_2": null, "conduit_city": null, "conduit_state": null, "conduit_zip": null, "memo_text_description": null, "reference_to_si_or_sl_system_code_that_identifies_the_account": null, "reattribution_redesignation_tag": null}}, {"model": "transactions.schedulea", "pk": "1989c592-2a64-4f69-be7a-ed1bce099ae2", "fields": {"contribution_date": "2025-08-31", "contribution_amount": "200.00", "contribution_purpose_descrip": "JF Memo: Testersons United (Partnership Attribution)", "election_code": null, "election_other_description": null, "conduit_name": null, "conduit_street_1": null, "conduit_street_2": null, "conduit_city": null, "conduit_state": null, "conduit_zip": null, "memo_text_description": null, "reference_to_si_or_sl_system_code_that_identifies_the_account": null, "reattribution_redesignation_tag": null}},{"model": "transactions.transaction", "pk": "f72ed7b4-89ea-406c-8c55-507c50f2d4d4", "fields": {"deleted": null, "committee_account": "c94c5d1a-9e73-464d-ad72-b73b5d8667a9", "transaction_type_identifier": "INDIVIDUAL_RECEIPT", "aggregation_group": "GENERAL", "parent_transaction": null, "debt": null, "loan": null, "reatt_redes": null, "_form_type": "SA11AI", "transaction_id": "B6E0BFDB2E0583B6E0BF", "entity_type": "IND", "memo_code": true, "itemized": true, "force_itemized": null, "force_unaggregated": null, "created": "2025-08-19T22:23:33.819Z", "updated": "2025-08-19T22:23:33.819Z", "contact_1": "f629ffdb-52d0-46fb-b2e5-f143e903d70b", "contact_2": null, "contact_3": null, "contact_4": null, "contact_5": null, "memo_text": "8616694d-f1ee-47c4-998f-78977d15879f", "schedule_a": "04860a90-04c7-4da2-b1d5-a99fec5ea4cb", "schedule_b": null, "schedule_c": null, "schedule_c1": null, "schedule_c2": null, "schedule_d": null, "schedule_e": null, "schedule_f": null, "aggregate": "250.00", "_calendar_ytd_per_election_office": null, "loan_payment_to_date": null, "blocking_reports": "[\"f50ea38b-b1e8-445f-b572-5544de81e32c\", \"f50ea38b-b1e8-445f-b572-5544de81e32c\", \"f50ea38b-b1e8-445f-b572-5544de81e32c\"]"}}, {"model": "transactions.transaction", "pk": "f1ff3fa4-af7a-407f-a8fc-c6df843d585e", "fields": {"deleted": null, "committee_account": "c94c5d1a-9e73-464d-ad72-b73b5d8667a9", "transaction_type_identifier": "EARMARK_RECEIPT", "aggregation_group": "GENERAL", "parent_transaction": null, "debt": null, "loan": null, "reatt_redes": null, "_form_type": "SA11AI", "transaction_id": "58CA96520AD81DD427E1", "entity_type": "IND", "memo_code": null, "itemized": true, "force_itemized": null, "force_unaggregated": null, "created": "2025-08-19T22:27:09.444Z", "updated": "2025-08-19T22:27:09.444Z", "contact_1": "f629ffdb-52d0-46fb-b2e5-f143e903d70b", "contact_2": null, "contact_3": null, "contact_4": null, "contact_5": null, "memo_text": "58f07093-456d-497c-a092-77228f27f4cd", "schedule_a": "a204c37b-2fb3-4396-b6ec-ecea0d7179b4", "schedule_b": null, "schedule_c": null, "schedule_c1": null, "schedule_c2": null, "schedule_d": null, "schedule_e": null, "schedule_f": null, "aggregate": "400.00", "_calendar_ytd_per_election_office": null, "loan_payment_to_date": null, "blocking_reports": "[\"f50ea38b-b1e8-445f-b572-5544de81e32c\", \"f50ea38b-b1e8-445f-b572-5544de81e32c\", \"f50ea38b-b1e8-445f-b572-5544de81e32c\"]"}}, {"model": "transactions.transaction", "pk": "1ce5fdea-3429-4310-a1d8-a6b43fb8b758", "fields": {"deleted": null, "committee_account": "c94c5d1a-9e73-464d-ad72-b73b5d8667a9", "transaction_type_identifier": "EARMARK_MEMO", "aggregation_group": "GENERAL", "parent_transaction": "f1ff3fa4-af7a-407f-a8fc-c6df843d585e", "debt": null, "loan": null, "reatt_redes": null, "_form_type": "SA11AI", "transaction_id": "036199F4E87592979064", "entity_type": "COM", "memo_code": true, "itemized": true, "force_itemized": null, "force_unaggregated": null, "created": "2025-08-19T22:27:09.480Z", "updated": "2025-08-19T22:27:09.480Z", "contact_1": "5d81a2c0-b9c9-4992-953d-3681b89f5873", "contact_2": null, "contact_3": null, "contact_4": null, "contact_5": null, "memo_text": "2a436432-13ea-45ec-b399-f72207aaaf02", "schedule_a": "aa4d5c19-5ca6-4087-bfdd-b49392bbf82a", "schedule_b": null, "schedule_c": null, "schedule_c1": null, "schedule_c2": null, "schedule_d": null, "schedule_e": null, "schedule_f": null, "aggregate": "150.00", "_calendar_ytd_per_election_office": null, "loan_payment_to_date": null, "blocking_reports": "[\"f50ea38b-b1e8-445f-b572-5544de81e32c\", \"f50ea38b-b1e8-445f-b572-5544de81e32c\", \"f50ea38b-b1e8-445f-b572-5544de81e32c\"]"}}, {"model": "transactions.transaction", "pk": "ffabba14-cdb4-4710-b1e2-4e5d1be87c3f", "fields": {"deleted": null, "committee_account": "c94c5d1a-9e73-464d-ad72-b73b5d8667a9", "transaction_type_identifier": "JOINT_FUNDRAISING_TRANSFER", "aggregation_group": "GENERAL", "parent_transaction": null, "debt": null, "loan": null, "reatt_redes": null, "_form_type": "SA12", "transaction_id": "B747BCFB8BC55295B4CC", "entity_type": "COM", "memo_code": null, "itemized": true, "force_itemized": null, "force_unaggregated": null, "created": "2025-08-19T22:27:42.188Z", "updated": "2025-08-19T22:27:42.188Z", "contact_1": "5d81a2c0-b9c9-4992-953d-3681b89f5873", "contact_2": null, "contact_3": null, "contact_4": null, "contact_5": null, "memo_text": null, "schedule_a": "f9639bc0-910d-4e84-b4bd-2788d841f468", "schedule_b": null, "schedule_c": null, "schedule_c1": null, "schedule_c2": null, "schedule_d": null, "schedule_e": null, "schedule_f": null, "aggregate": "362.00", "_calendar_ytd_per_election_office": null, "loan_payment_to_date": null, "blocking_reports": "[\"f50ea38b-b1e8-445f-b572-5544de81e32c\", \"f50ea38b-b1e8-445f-b572-5544de81e32c\", \"f50ea38b-b1e8-445f-b572-5544de81e32c\"]"}}, {"model": "transactions.transaction", "pk": "f4d6a5f8-b688-48af-86a0-f7df00b13a02", "fields": {"deleted": null, "committee_account": "c94c5d1a-9e73-464d-ad72-b73b5d8667a9", "transaction_type_identifier": "PARTNERSHIP_JF_TRANSFER_MEMO", "aggregation_group": "GENERAL", "parent_transaction": "ffabba14-cdb4-4710-b1e2-4e5d1be87c3f", "debt": null, "loan": null, "reatt_redes": null, "_form_type": "SA12", "transaction_id": "AC46ABE62FAED0B467E7", "entity_type": "ORG", "memo_code": true, "itemized": true, "force_itemized": null, "force_unaggregated": null, "created": "2025-08-19T22:28:23.487Z", "updated": "2025-08-19T22:28:23.487Z", "contact_1": "29b10975-4ef9-44c4-b3ea-9169ca20dece", "contact_2": null, "contact_3": null, "contact_4": null, "contact_5": null, "memo_text": "25539722-9921-446b-a049-f1d1b0ced6c7", "schedule_a": "f1a77336-558d-4d7f-8442-641602f6d959", "schedule_b": null, "schedule_c": null, "schedule_c1": null, "schedule_c2": null, "schedule_d": null, "schedule_e": null, "schedule_f": null, "aggregate": "420.00", "_calendar_ytd_per_election_office": null, "loan_payment_to_date": null, "blocking_reports": "[\"f50ea38b-b1e8-445f-b572-5544de81e32c\", \"f50ea38b-b1e8-445f-b572-5544de81e32c\", \"f50ea38b-b1e8-445f-b572-5544de81e32c\"]"}}, {"model": "transactions.transaction", "pk": "9c5a7abd-1388-45ba-a048-668c1ada10e6", "fields": {"deleted": null, "committee_account": "c94c5d1a-9e73-464d-ad72-b73b5d8667a9", "transaction_type_identifier": "PARTNERSHIP_ATTRIBUTION_JF_TRANSFER_MEMO", "aggregation_group": "GENERAL", "parent_transaction": "f4d6a5f8-b688-48af-86a0-f7df00b13a02", "debt": null, "loan": null, "reatt_redes": null, "_form_type": "SA12", "transaction_id": "046AAE7B4BD5E3F7A05F", "entity_type": "IND", "memo_code": true, "itemized": true, "force_itemized": null, "force_unaggregated": null, "created": "2025-08-19T22:28:40.474Z", "updated": "2025-08-19T22:28:40.474Z", "contact_1": "f629ffdb-52d0-46fb-b2e5-f143e903d70b", "contact_2": null, "contact_3": null, "contact_4": null, "contact_5": null, "memo_text": "7f20c48e-15d1-4455-9599-f75188b3c63a", "schedule_a": "1989c592-2a64-4f69-be7a-ed1bce099ae2", "schedule_b": null, "schedule_c": null, "schedule_c1": null, "schedule_c2": null, "schedule_d": null, "schedule_e": null, "schedule_f": null, "aggregate": "600.00", "_calendar_ytd_per_election_office": null, "loan_payment_to_date": null, "blocking_reports": "[\"f50ea38b-b1e8-445f-b572-5544de81e32c\", \"f50ea38b-b1e8-445f-b572-5544de81e32c\", \"f50ea38b-b1e8-445f-b572-5544de81e32c\"]"}},{"model": "reports.reporttransaction", "pk": "1cb5ce67-88f6-4749-aac3-88279371691e", "fields": {"transaction": "f72ed7b4-89ea-406c-8c55-507c50f2d4d4", "report": "f50ea38b-b1e8-445f-b572-5544de81e32c", "created": "2025-08-19T22:23:33.830Z", "updated": "2025-08-19T22:23:33.830Z"}}, {"model": "reports.reporttransaction", "pk": "b25ea6ee-ffb0-4535-ab1c-5f8b6e3ebd05", "fields": {"transaction": "f1ff3fa4-af7a-407f-a8fc-c6df843d585e", "report": "f50ea38b-b1e8-445f-b572-5544de81e32c", "created": "2025-08-19T22:27:09.454Z", "updated": "2025-08-19T22:27:09.454Z"}}, {"model": "reports.reporttransaction", "pk": "2c2fce4c-842f-4fb5-bb5b-11b9c620a158", "fields": {"transaction": "1ce5fdea-3429-4310-a1d8-a6b43fb8b758", "report": "f50ea38b-b1e8-445f-b572-5544de81e32c", "created": "2025-08-19T22:27:09.484Z", "updated": "2025-08-19T22:27:09.484Z"}}, {"model": "reports.reporttransaction", "pk": "56516d2d-fd90-4497-b92c-99596e1a33f2", "fields": {"transaction": "ffabba14-cdb4-4710-b1e2-4e5d1be87c3f", "report": "f50ea38b-b1e8-445f-b572-5544de81e32c", "created": "2025-08-19T22:27:42.198Z", "updated": "2025-08-19T22:27:42.198Z"}}, {"model": "reports.reporttransaction", "pk": "d6428586-9c60-406f-af59-9c7716ec33b8", "fields": {"transaction": "f4d6a5f8-b688-48af-86a0-f7df00b13a02", "report": "f50ea38b-b1e8-445f-b572-5544de81e32c", "created": "2025-08-19T22:28:23.496Z", "updated": "2025-08-19T22:28:23.496Z"}}, {"model": "reports.reporttransaction", "pk": "ae17f662-81dd-4a98-bad2-1a2e47b07f88", "fields": {"transaction": "9c5a7abd-1388-45ba-a048-668c1ada10e6", "report": "f50ea38b-b1e8-445f-b572-5544de81e32c", "created": "2025-08-19T22:28:40.485Z", "updated": "2025-08-19T22:28:40.485Z"}},{"model": "memo_text.memotext", "pk": "9cad6426-f686-4716-bf82-5be61d92d07f", "fields": {"deleted": null, "committee_account": "c94c5d1a-9e73-464d-ad72-b73b5d8667a9", "report": "f3f2d00e-8b67-4909-9a63-7096c74af155", "rec_type": "TEXT", "is_report_level_memo": true, "transaction_id_number": "REPORT_MEMO_TEXT1", "transaction_uuid": null, "text4000": "FORM 24 MEMO", "text_prefix": null}}, {"model": "memo_text.memotext", "pk": "d4a5b944-18d2-4d79-a3c7-0792b90b2b08", "fields": {"deleted": null, "committee_account": "c94c5d1a-9e73-464d-ad72-b73b5d8667a9", "report": "149e2516-4fb2-419f-8ab4-529624e26320", "rec_type": "TEXT", "is_report_level_memo": true, "transaction_id_number": "REPORT_MEMO_TEXT1", "transaction_uuid": null, "text4000": "FORM 48 MEMO", "text_prefix": null}}, {"model": "memo_text.memotext", "pk": "57b90533-792c-4dd2-93f9-98f7f5627541", "fields": {"deleted": null, "committee_account": "c94c5d1a-9e73-464d-ad72-b73b5d8667a9", "report": "f50ea38b-b1e8-445f-b572-5544de81e32c", "rec_type": "TEXT", "is_report_level_memo": true, "transaction_id_number": "REPORT_MEMO_TEXT1", "transaction_uuid": null, "text4000": "FORM 3X MEMO", "text_prefix": null}}, {"model": "memo_text.memotext", "pk": "8616694d-f1ee-47c4-998f-78977d15879f", "fields": {"deleted": null, "committee_account": "c94c5d1a-9e73-464d-ad72-b73b5d8667a9", "report": "f50ea38b-b1e8-445f-b572-5544de81e32c", "rec_type": "TEXT", "is_report_level_memo": false, "transaction_id_number": "CC0A90F2F59480B65ABF", "transaction_uuid": "f72ed7b4-89ea-406c-8c55-507c50f2d4d4", "text4000": "MEMO INDIVIDUAL RECEIPT", "text_prefix": null}}, {"model": "memo_text.memotext", "pk": "58f07093-456d-497c-a092-77228f27f4cd", "fields": {"deleted": null, "committee_account": "c94c5d1a-9e73-464d-ad72-b73b5d8667a9", "report": "f50ea38b-b1e8-445f-b572-5544de81e32c", "rec_type": "TEXT", "is_report_level_memo": false, "transaction_id_number": "C640BA91BA0C7B71D942", "transaction_uuid": "f1ff3fa4-af7a-407f-a8fc-c6df843d585e", "text4000": "EARMARK RECEIPT", "text_prefix": null}}, {"model": "memo_text.memotext", "pk": "2a436432-13ea-45ec-b399-f72207aaaf02", "fields": {"deleted": null, "committee_account": "c94c5d1a-9e73-464d-ad72-b73b5d8667a9", "report": "f50ea38b-b1e8-445f-b572-5544de81e32c", "rec_type": "TEXT", "is_report_level_memo": false, "transaction_id_number": "5D458349CB9E66BA08F3", "transaction_uuid": "1ce5fdea-3429-4310-a1d8-a6b43fb8b758", "text4000": "EARMARK MEMO", "text_prefix": null}}, {"model": "memo_text.memotext", "pk": "25539722-9921-446b-a049-f1d1b0ced6c7", "fields": {"deleted": null, "committee_account": "c94c5d1a-9e73-464d-ad72-b73b5d8667a9", "report": "f50ea38b-b1e8-445f-b572-5544de81e32c", "rec_type": "TEXT", "is_report_level_memo": false, "transaction_id_number": "511EA522BAF801AA4D5C", "transaction_uuid": "f4d6a5f8-b688-48af-86a0-f7df00b13a02", "text4000": "PARTNERSHIP RECEIPT", "text_prefix": null}}, {"model": "memo_text.memotext", "pk": "7f20c48e-15d1-4455-9599-f75188b3c63a", "fields": {"deleted": null, "committee_account": "c94c5d1a-9e73-464d-ad72-b73b5d8667a9", "report": "f50ea38b-b1e8-445f-b572-5544de81e32c", "rec_type": "TEXT", "is_report_level_memo": false, "transaction_id_number": "D90C92A0554D2DEFC530", "transaction_uuid": "9c5a7abd-1388-45ba-a048-668c1ada10e6", "text4000": "LAST DAY SUCKER", "text_prefix": null}},{"model": "web_services.dotfec", "pk": "8d85abc0-cc54-4cf5-ba91-01cff9b03355", "fields": {"report": "f50ea38b-b1e8-445f-b572-5544de81e32c", "file_name": "f50ea38b-b1e8-445f-b572-5544de81e32c_1755643033.fec"}}, {"model": "web_services.dotfec", "pk": "36a095ee-767b-4983-a1d6-09b40b45f867", "fields": {"report": "f50ea38b-b1e8-445f-b572-5544de81e32c", "file_name": "f50ea38b-b1e8-445f-b572-5544de81e32c_1755643063.fec"}},{"model": "web_services.uploadsubmission", "pk": "449efac3-0ac9-439b-b60b-cb1fe5d7bd72", "fields": {"dot_fec": "36a095ee-767b-4983-a1d6-09b40b45f867", "fecfile_task_state": "SUCCEEDED", "fecfile_error": null, "fecfile_polling_attempts": 1, "fec_submission_id": "fake_submission_id", "fec_status": "ACCEPTED", "fec_message": "We didn't really send anything to FEC", "created": "2025-08-19T22:37:42.321Z", "updated": "2025-08-19T22:37:43.194Z", "task_completed": "2025-08-19T22:37:43.194Z", "fec_report_id": "57a3fe7f-712a-441e-88e7-bf8be4bf47db"}},{"model": "web_services.webprintsubmission", "pk": "76635db5-73c8-4346-a1f9-d892e86798f8", "fields": {"dot_fec": "8d85abc0-cc54-4cf5-ba91-01cff9b03355", "fecfile_task_state": "SUCCEEDED", "fecfile_error": null, "fecfile_polling_attempts": 0, "fec_submission_id": "faa697c5-7a7a-4909-affa-84b4df8f5605", "fec_status": "COMPLETED", "fec_message": "This did not really come from FEC", "created": "2025-08-19T22:37:12.764Z", "updated": "2025-08-19T22:37:13.746Z", "task_completed": "2025-08-19T22:37:13.746Z", "fec_image_url": "https://www.fec.gov/static/img/seal.svg", "fec_batch_id": "123", "fec_email": null}}]